{
    "ShowEndingMove": true,
    "Names_2": "Player 2",
    "MenuNames_16": "Human",
    "Names_1": "Player 1",
    "MenuNames_15": "Human",
    "Names_16": "Player 16",
    "Names_0": "Player 0",
    "MenuNames_14": "Human",
    "ShowCoordinates": false,
    "MenuNames_13": "Human",
    "Names_6": "Player 6",
    "Names_13": "Player 13",
    "Names_5": "Player 5",
    "Names_12": "Player 12",
    "Names_4": "Player 4",
    "Names_15": "Player 15",
    "drawInnerVertices": false,
    "Names_3": "Player 3",
    "Names_14": "Player 14",
    "networkPolling": false,
    "drawInnerEdges": false,
    "Names_11": "Player 11",
    "Names_10": "Player 10",
    "MenuNames_12": "Human",
    "drawInnerCells": false,
    "MenuNames_11": "Human",
    "MenuNames_10": "Human",
    "MoveCoord": true,
    "drawOuterEdges": false,
    "drawMinorVertices": false,
    "alwaysAutoPass": false,
    "drawCornerConvexEdges": false,
    "drawPhasesVertices": false,
    "drawHorizontalEdges": false,
    "drawCornerConvexCells": false,
    "SearchTime_6": 1,
    "LoadedFromMemory": true,
    "SearchTime_4": 1,
    "SearchTime_5": 1,
    "SearchTime_2": 1,
    "SearchTime_3": 1,
    "CursorTooltip": false,
    "drawOuterCells": false,
    "NoRepetition": false,
    "drawCenterCells": false,
    "ShowConnections": false,
    "drawMajorVertices": false,
    "drawCornerConvexVertices": false,
    "drawNeighboursVertices": false,
    "Names_9": "Player 9",
    "Names_8": "Player 8",
    "drawDistanceEdges": false,
    "Names_7": "Player 7",
    "drawBottomVertices": false,
    "drawBottomCells": false,
    "ShowFaceCoordinates": false,
    "RecentGames_2": "Surakarta",
    "RecentGames_1": "Tic-Tac-Toe",
    "FrameWidth": 1594,
    "drawSlashEdges": false,
    "drawCornersCells": false,
    "OptionStrings": [
        "Board Size/4",
        "Players/2 (a)"
    ],
    "drawLeftEdges": false,
    "drawAngledEdges": false,
    "RecentGames_0": "Chinese Checkers",
    "drawDistanceCells": false,
    "drawPerimeterVertices": false,
    "drawBottomEdges": false,
    "editorFontSize": 13,
    "SaveHeuristics": false,
    "drawRadialsCells": false,
    "drawOuterVertices": false,
    "drawMajorCells": false,
    "drawLeftCells": false,
    "drawRadialsVertices": false,
    "VersionNumber": "1.2.4",
    "editorAutocomplete": true,
    "MenuNames_6": "MCTS (Hybrid Selection)",
    "MenuNames_7": "Human",
    "MenuNames_8": "Human",
    "ShowRepetitions": false,
    "drawCenterVertices": false,
    "MenuNames_9": "Human",
    "savedLudName": "/lud/board/race/fill/Chinese Checkers.lud",
    "FlatBoard": false,
    "ShowFaceIndices": false,
    "coordWithOutline": false,
    "ShowPieces": true,
    "ShowAxes": false,
    "moveSoundEffect": false,
    "moveFormat": "Move",
    "drawRightVertices": false,
    "drawCentreEdges": false,
    "MenuNames_0": "Human",
    "MenuNames_1": "Human",
    "testLudeme2": "",
    "MenuNames_2": "Ludii AI",
    "testLudeme3": "",
    "MenuNames_3": "Ludii AI",
    "MenuNames_4": "Random",
    "testLudeme1": "",
    "MenuNames_5": "Flat MC",
    "SwapRule": false,
    "drawNeighboursCells": false,
    "drawTopVertices": false,
    "FrameMaximizedBoth": false,
    "SelectedRuleset": -1,
    "ShowGraph": false,
    "drawSloshEdges": false,
    "showZoomBox": false,
    "ShowIndices": false,
    "ShowEdgeCoordinates": false,
    "FrameHeight": 1135,
    "ShowBoard": true,
    "HideAiMoves": true,
    "ShowEdgeIndices": false,
    "testLudeme4": "",
    "drawMajorEdges": false,
    "devMode": false,
    "saveTrialAfterMove": false,
    "CandidateMoves": false,
    "IllegalMoves": false,
    "drawRightEdges": false,
    "drawMinorCells": false,
    "ShowPossibleMoves": false,
    "AI_5": {"AI": {"algorithm": "Flat MC"}},
    "ShowContainerIndices": false,
    "drawPerimeterCells": false,
    "AI_6": {"AI": {"algorithm": "MCTS (Hybrid Selection)"}},
    "AI_3": {"AI": {"algorithm": "Ludii AI"}},
    "AI_4": {"AI": {"algorithm": "Random"}},
    "AI_2": {"AI": {"algorithm": "Ludii AI"}},
    "ShowLastMove": false,
    "NoRepetitionWithinTurn": false,
    "drawCornersVertices": false,
    "drawAxialEdges": false,
    "PuzzleValueSelection": "Automatic",
    "drawDistanceVertices": false,
    "drawTopEdges": false,
    "ShowVertexCoordinates": false,
    "drawPhasesEdges": false,
    "drawRightCells": false,
    "drawCornerConcaveEdges": false,
    "drawMinorEdges": false,
    "drawCornerConcaveVertices": false,
    "drawCornerEdges": false,
    "ShowAIDistribution": false,
    "tabFontSize": 13,
    "ShowCellIndices": false,
    "drawPerimeterEdges": false,
    "FrameLocX": 4517,
    "AnimationVisualsType": "None",
    "FrameLocY": 224,
    "networkRefresh": false,
    "startButtonPausesAI": true,
    "TickLength": 0.1,
    "drawSideNumberVertices": 0,
    "drawLeftVertices": false,
    "drawVerticalEdges": false,
    "drawTopCells": false,
    "drawCornerConcaveCells": false,
    "drawPhasesCells": false
}